City_ID,City,Country,Date,Lat,Lng,Max Temp,Humidity,Cloudiness,Wind Speed
0,Marzuq,YE,2021-04-05 19:32:06,14.4,46.4667,71.19,34,9,3.58
1,Rikitea,PF,2021-04-05 19:28:25,-23.1203,-134.9692,78.17,63,78,10.33
2,Townsville,AU,2021-04-05 19:32:07,-19.25,146.8,75.2,94,90,5.75
3,Mataura,NZ,2021-04-05 19:32:07,-46.1927,168.8643,48.0,80,77,3.0
4,Sao Joao Da Barra,BR,2021-04-05 19:32:08,-21.6403,-41.0511,80.6,65,75,13.8
5,Bredasdorp,ZA,2021-04-05 19:32:08,-34.5322,20.0403,59.0,94,100,5.75
6,Lompoc,US,2021-04-05 19:32:09,34.6391,-120.4579,61.0,59,100,13.8
7,Georgetown,MY,2021-04-05 19:30:30,5.4112,100.3354,82.4,83,20,3.74
8,Ushuaia,AR,2021-04-05 19:32:09,-54.8,-68.3,46.4,61,20,5.75
9,Butaritari,KI,2021-04-05 19:32:10,3.0707,172.7902,82.42,76,100,12.06
10,Castanhal,BR,2021-04-05 19:32:10,-1.2939,-47.9264,89.6,58,20,13.8
11,Hobart,AU,2021-04-05 19:28:49,-42.8794,147.3294,50.0,87,1,10.36
12,Sinjar,IQ,2021-04-05 19:32:10,36.3209,41.8754,60.73,44,74,5.53
13,Albany,US,2021-04-05 19:27:11,42.6001,-73.9662,61.0,21,20,21.85
14,Port Alfred,ZA,2021-04-05 19:32:11,-33.5906,26.891,64.04,79,100,10.67
15,East London,ZA,2021-04-05 19:32:11,-33.0153,27.9116,64.4,94,90,3.44
16,Bandipur,NP,2021-04-05 19:32:12,27.9333,84.4167,57.65,14,2,3.83
17,Qaanaaq,GL,2021-04-05 19:32:12,77.484,-69.3632,5.13,63,100,5.35
18,Faanui,PF,2021-04-05 19:32:12,-16.4833,-151.75,80.92,73,95,16.26
19,Busselton,AU,2021-04-05 19:32:13,-33.65,115.3333,59.0,97,39,4.99
20,Cape Town,ZA,2021-04-05 19:28:11,-33.9258,18.4232,63.0,77,20,17.27
21,Cherskiy,RU,2021-04-05 19:32:13,68.75,161.3,-23.55,100,96,0.54
22,Kodiak,US,2021-04-05 19:32:14,57.79,-152.4072,33.8,40,1,20.71
23,Saskylakh,RU,2021-04-05 19:32:14,71.9167,114.0833,-14.26,97,56,8.66
24,Rocha,UY,2021-04-05 19:32:14,-34.4833,-54.3333,74.37,74,100,9.73
25,Mayumba,GA,2021-04-05 19:32:15,-3.432,10.6554,80.11,89,95,7.49
26,Longyearbyen,SJ,2021-04-05 19:32:15,78.2186,15.6401,15.8,67,40,26.46
27,Maniitsoq,GL,2021-04-05 19:32:15,65.4167,-52.9,27.64,96,100,2.98
28,Tefe,BR,2021-04-05 19:32:16,-3.3542,-64.7114,84.2,84,75,4.61
29,Kavaratti,IN,2021-04-05 19:32:16,10.5669,72.642,82.85,72,10,16.55
30,Tautira,PF,2021-04-05 19:32:17,-17.7333,-149.15,82.4,74,20,4.61
31,Kapaa,US,2021-04-05 19:32:17,22.0752,-159.319,77.0,61,90,17.27
32,Agirish,RU,2021-04-05 19:32:17,61.9247,63.0231,28.17,90,96,10.18
33,Dikson,RU,2021-04-05 19:32:18,73.5069,80.5464,-4.18,100,90,3.11
34,Port Shepstone,ZA,2021-04-05 19:32:18,-30.7414,30.455,70.18,82,52,6.76
35,Winona,US,2021-04-05 19:32:18,43.9666,-91.7668,79.0,38,40,8.05
36,Jamestown,US,2021-04-05 19:32:19,42.097,-79.2353,61.0,28,1,3.44
37,Vaini,TO,2021-04-05 19:32:19,-21.2,-175.2,68.0,100,20,3.44
38,Geraldton,AU,2021-04-05 19:31:14,-28.7667,114.6,60.8,88,40,3.44
39,Luderitz,NA,2021-04-05 19:32:20,-26.6481,15.1594,67.69,71,0,18.97
40,Barrow,US,2021-04-05 19:30:27,71.2906,-156.7887,-2.2,71,75,10.36
41,Mount Isa,AU,2021-04-05 19:32:20,-20.7333,139.5,71.6,60,15,4.61
42,Zhigansk,RU,2021-04-05 19:32:20,66.7697,123.3711,-27.35,100,49,1.83
43,Pevek,RU,2021-04-05 19:32:21,69.7008,170.3133,-18.0,99,100,3.58
44,Punta Arenas,CL,2021-04-05 19:32:21,-53.15,-70.9167,46.4,57,0,9.22
45,Saint-Pierre,RE,2021-04-05 19:32:22,-21.3393,55.4781,78.8,73,0,6.91
46,Tuktoyaktuk,CA,2021-04-05 19:32:22,69.4541,-133.0374,-5.8,77,75,25.32
47,Khatanga,RU,2021-04-05 19:32:22,71.9667,102.5,7.14,87,100,7.83
48,Adrar,MR,2021-04-05 19:32:23,20.5022,-10.0711,83.08,11,2,10.63
49,Norman Wells,CA,2021-04-05 19:32:23,65.282,-126.8329,15.8,79,75,25.32
50,Bluff,NZ,2021-04-05 19:32:23,-46.6,168.3333,48.0,80,97,3.0
51,Berdigestyakh,RU,2021-04-05 19:32:24,62.0989,126.6992,-19.98,100,100,2.26
52,Tuatapere,NZ,2021-04-05 19:32:24,-46.1333,167.6833,48.0,80,88,3.0
53,Teahupoo,PF,2021-04-05 19:32:24,-17.8333,-149.2667,82.4,74,20,4.61
54,Paamiut,GL,2021-04-05 19:32:25,61.994,-49.6678,34.74,89,100,7.25
55,Florence,IT,2021-04-05 19:29:01,43.7667,11.25,55.4,50,0,10.36
56,Bilma,NE,2021-04-05 19:32:25,18.6853,12.9164,82.56,6,0,6.06
57,Padang,ID,2021-04-05 19:32:02,-0.9492,100.3543,75.2,94,20,2.3
58,Hermanus,ZA,2021-04-05 19:32:26,-34.4187,19.2345,60.01,90,100,1.99
59,Neuquen,AR,2021-04-05 19:32:26,-38.9516,-68.0591,78.8,61,0,1.14
60,Pimenta Bueno,BR,2021-04-05 19:32:26,-11.6725,-61.1936,84.43,75,85,2.64
61,Shingu,JP,2021-04-05 19:32:27,33.7333,135.9833,51.57,87,100,7.05
62,Clyde River,CA,2021-04-05 19:32:27,70.4692,-68.5914,-0.4,71,75,14.97
63,Chuy,UY,2021-04-05 19:32:27,-33.6971,-53.4616,73.33,75,18,12.77
64,Anchorage,US,2021-04-05 19:32:28,61.2181,-149.9003,28.4,26,1,9.22
65,Lubango,AO,2021-04-05 19:32:28,-14.9172,13.4925,63.19,57,2,4.88
66,Vestmannaeyjar,IS,2021-04-05 19:32:28,63.4427,-20.2734,26.6,54,90,9.22
67,Wiltz,LU,2021-04-05 19:32:29,49.9689,5.9319,30.0,91,20,15.99
68,Boa Esperanca,BR,2021-04-05 19:32:29,-21.09,-45.5658,74.79,69,48,3.94
69,Upernavik,GL,2021-04-05 19:32:29,72.7868,-56.1549,4.1,77,100,3.87
70,Sola,VU,2021-04-05 19:32:30,-13.8833,167.55,77.0,100,90,13.89
71,Kahului,US,2021-04-05 19:32:30,20.8947,-156.47,75.2,78,40,17.27
72,North Platte,US,2021-04-05 19:32:30,41.1239,-100.7654,87.01,17,1,9.22
73,Rantepao,ID,2021-04-05 19:32:31,-2.9701,119.8978,65.66,89,89,3.74
74,Pacific Grove,US,2021-04-05 19:32:31,36.6177,-121.9166,57.99,58,40,4.61
75,Beloha,MG,2021-04-05 19:32:31,-25.1667,45.05,68.56,84,0,4.9
76,Okotoks,CA,2021-04-05 19:32:32,50.7289,-113.9828,48.99,36,2,5.01
77,Gradinari,RO,2021-04-05 19:32:32,44.3922,25.8156,45.0,73,66,4.21
78,Nur,PL,2021-04-05 19:32:33,52.6683,22.3221,36.61,90,100,15.68
79,Sioux Lookout,CA,2021-04-05 19:32:33,50.1001,-91.917,59.0,36,75,10.36
80,Bambous Virieux,MU,2021-04-05 19:32:33,-20.3428,57.7575,80.01,83,40,9.22
81,Srandakan,ID,2021-04-05 19:32:33,-7.9386,110.2506,77.11,87,100,4.45
82,Chapais,CA,2021-04-05 19:32:34,49.7834,-74.8492,41.0,30,1,12.66
83,Lavrentiya,RU,2021-04-05 19:32:34,65.5833,-171.0,-3.41,94,100,3.47
84,Port Hedland,AU,2021-04-05 19:32:34,-20.3167,118.5667,71.6,68,3,8.05
85,Mnogovershinnyy,RU,2021-04-05 19:32:35,53.9353,139.9242,16.66,75,98,3.76
86,Canoa,DO,2021-04-05 19:32:35,18.355,-71.1585,89.6,55,40,16.11
87,Leningradskiy,RU,2021-04-05 19:32:35,69.3833,178.4167,-2.83,93,99,2.37
88,Roebourne,AU,2021-04-05 19:32:36,-20.7833,117.1333,81.12,45,1,5.5
89,Kontagora,NG,2021-04-05 19:32:36,10.3999,5.4695,89.04,14,18,2.13
90,Brae,GB,2021-04-05 19:32:37,60.3964,-1.353,32.0,80,75,31.07
91,Atuona,PF,2021-04-05 19:32:37,-9.8,-139.0333,80.35,79,14,8.66
92,Lorengau,PG,2021-04-05 19:32:38,-2.0226,147.2712,79.57,81,99,2.84
93,Ankang,CN,2021-04-05 19:32:38,32.68,109.0172,50.59,76,100,2.71
94,Akyab,MM,2021-04-05 19:32:38,20.15,92.9,78.91,71,0,1.97
95,Katherine,AU,2021-04-05 19:32:39,-14.4667,132.2667,69.8,73,6,1.07
96,Khandyga,RU,2021-04-05 19:32:39,62.6667,135.6,-30.48,100,85,2.13
97,Premia De Mar,ES,2021-04-05 19:32:39,41.4921,2.3652,63.0,71,100,4.0
98,Merauke,ID,2021-04-05 19:32:40,-8.4667,140.3333,77.65,86,94,4.61
99,Severo-Kurilsk,RU,2021-04-05 19:32:40,50.6789,156.125,27.41,84,100,13.27
100,Bartica,GY,2021-04-05 19:32:40,6.4,-58.6167,82.4,83,20,9.22
101,Tazovskiy,RU,2021-04-05 19:32:41,67.4667,78.7,31.89,99,100,5.21
102,Acarau,BR,2021-04-05 19:32:41,-2.8856,-40.12,81.81,79,44,15.84
103,Armizonskoye,RU,2021-04-05 19:32:41,55.9461,67.6736,32.4,87,93,22.17
104,Namatanai,PG,2021-04-05 19:32:42,-3.6667,152.4333,78.35,84,100,1.28
105,Tasiilaq,GL,2021-04-05 19:32:42,65.6145,-37.6368,21.2,73,75,10.36
106,Usakos,NA,2021-04-05 19:32:42,-22.0,15.6,79.36,42,10,5.91
107,Bathsheba,BB,2021-04-05 19:32:43,13.2167,-59.5167,84.2,58,20,16.11
108,Beohari,IN,2021-04-05 19:32:43,24.05,81.3833,79.3,10,0,5.39
109,Jiangyou,CN,2021-04-05 19:32:44,31.7667,104.7167,55.58,91,100,1.99
110,Tompa,HU,2021-04-05 19:32:44,46.2061,19.5391,46.99,62,77,9.22
111,Guerrero Negro,MX,2021-04-05 19:32:44,27.9769,-114.0611,72.19,53,6,14.09
112,Yellowknife,CA,2021-04-05 19:28:50,62.456,-114.3525,28.0,80,90,18.41
113,Ilulissat,GL,2021-04-05 19:32:45,69.2167,-51.1,19.4,79,75,8.05
114,Itoman,JP,2021-04-05 19:32:45,26.1247,127.6694,66.2,63,75,18.41
115,Codrington,AU,2021-04-05 19:32:45,-38.2667,141.9667,57.96,73,100,5.91
116,Beisfjord,NO,2021-04-05 19:32:46,68.3751,17.5988,30.2,100,90,3.44
117,Howard Springs,AU,2021-04-05 19:32:46,-12.497,131.047,80.6,89,90,4.61
118,Port Lincoln,AU,2021-04-05 19:32:46,-34.7333,135.8667,61.47,81,2,10.22
119,Abha,SA,2021-04-05 19:32:47,18.2164,42.5053,68.0,52,10,4.12
120,Nome,US,2021-04-05 19:32:47,64.5011,-165.4064,-5.8,65,1,4.61
121,Broome,US,2021-04-05 19:32:47,42.2506,-75.833,57.99,28,1,13.8
122,Alghero,IT,2021-04-05 19:32:48,40.5589,8.3181,53.6,76,0,4.61
123,Trinidad,BO,2021-04-05 19:32:48,-14.8333,-64.9,86.0,70,75,3.44
124,Savannah Bight,HN,2021-04-05 19:32:49,16.45,-85.85,80.6,74,75,16.44
125,Rybnoye,RU,2021-04-05 19:32:49,54.7256,39.5119,34.0,74,26,7.16
126,Porbandar,IN,2021-04-05 19:32:49,21.6422,69.6093,79.29,74,1,8.81
127,Hobyo,SO,2021-04-05 19:32:50,5.3505,48.5268,82.42,70,8,13.15
128,Malanje,AO,2021-04-05 19:32:50,-9.5402,16.341,65.55,94,99,2.48
129,Provideniya,RU,2021-04-05 19:32:51,64.3833,-173.3,1.4,78,0,22.37
130,Sebeta,ET,2021-04-05 19:32:51,8.9167,38.6167,61.77,51,48,4.63
131,Puerto Ayora,EC,2021-04-05 19:32:51,-0.7393,-90.3518,84.2,70,20,13.8
132,Makakilo City,US,2021-04-05 19:32:52,21.3469,-158.0858,78.8,57,1,11.5
133,Naze,JP,2021-04-05 19:32:52,28.3667,129.4833,59.25,70,20,9.89
134,Sambava,MG,2021-04-05 19:32:52,-14.2667,50.1667,77.07,88,100,4.38
135,New Norfolk,AU,2021-04-05 19:32:53,-42.7826,147.0587,50.0,76,5,2.73
136,Chokurdakh,RU,2021-04-05 19:32:53,70.6333,147.9167,-32.87,100,68,1.95
137,Huarmey,PE,2021-04-05 19:32:53,-10.0681,-78.1522,76.1,73,25,10.47
138,Beaumont,US,2021-04-05 19:32:54,30.0861,-94.1019,78.8,44,90,11.5
139,Mahebourg,MU,2021-04-05 19:32:54,-20.4081,57.7,78.8,83,40,9.22
140,Shubarshi,KZ,2021-04-05 19:32:54,48.5872,57.1869,41.18,85,94,11.59
141,Lagoa,PT,2021-04-05 19:32:55,39.05,-27.9833,59.56,81,34,19.01
142,Fukue,JP,2021-04-05 19:32:55,32.6881,128.8419,56.07,63,9,25.95
143,Thompson,CA,2021-04-05 19:32:55,55.7435,-97.8558,35.6,100,90,3.44
144,Kalmunai,LK,2021-04-05 19:32:56,7.4167,81.8167,78.24,83,34,0.78
145,Qaqortoq,GL,2021-04-05 19:32:56,60.7167,-46.0333,41.0,70,75,3.44
146,Omboue,GA,2021-04-05 19:32:56,-1.5746,9.2618,79.54,85,100,4.56
147,Ponta Do Sol,PT,2021-04-05 19:32:57,32.6667,-17.1,61.0,63,100,1.01
148,Yakymivka,UA,2021-04-05 19:32:57,46.6897,35.1536,39.67,88,32,9.19
149,Kapit,MY,2021-04-05 19:32:57,2.0167,112.9333,72.54,99,97,2.15
150,Esperance,AU,2021-04-05 19:32:58,-33.8667,121.9,71.6,56,42,11.5
151,Dipalpur,PK,2021-04-05 19:32:58,30.6709,73.6529,75.54,29,95,8.66
152,Arequipa,PE,2021-04-05 19:32:58,-16.3989,-71.535,68.0,52,75,12.66
153,Fare,PF,2021-04-05 19:32:59,-16.7,-151.0167,81.01,72,84,17.74
154,Saint-Georges,GD,2021-04-05 19:32:59,12.0564,-61.7485,84.2,70,40,20.71
155,Camacha,PT,2021-04-05 19:32:59,33.0833,-16.3333,64.4,59,20,4.61
156,Ternate,ID,2021-04-05 19:33:00,0.8,127.4,79.56,79,15,6.58
157,Hasaki,JP,2021-04-05 19:33:00,35.7333,140.8333,46.4,71,40,14.97
158,Castro,BR,2021-04-05 19:33:00,-24.7911,-50.0119,70.9,60,67,5.99
159,Cuauhtemoc,MX,2021-04-05 19:29:53,28.4167,-106.8667,75.99,20,48,8.01
160,Bambanglipuro,ID,2021-04-05 19:33:01,-7.95,110.2833,76.96,87,100,4.32
161,Alta Floresta,BR,2021-04-05 19:33:01,-9.8756,-56.0861,87.8,70,75,3.44
162,Bonavista,CA,2021-04-05 19:33:01,48.6499,-53.1147,39.2,100,100,2.3
163,Sorland,NO,2021-04-05 19:33:02,67.667,12.6934,35.6,80,90,17.27
164,Cap-Aux-Meules,CA,2021-04-05 19:33:02,47.3821,-61.8597,35.6,100,100,13.8
165,Kutum,SD,2021-04-05 19:33:02,14.2,24.6667,76.21,9,0,12.48
166,Hidalgo,MX,2021-04-05 19:33:03,20.5,-99.0,72.9,19,88,9.48
167,Fortuna,US,2021-04-05 19:33:03,40.5982,-124.1573,57.99,82,90,9.22
168,Brindisi,IT,2021-04-05 19:33:04,40.5833,17.6667,52.0,61,0,2.3
169,Jega,NG,2021-04-05 19:33:04,12.2175,4.3792,87.62,12,76,2.71
170,Port Blair,IN,2021-04-05 19:33:04,11.6667,92.75,80.42,77,32,5.06
171,Mangan,IN,2021-04-05 19:33:05,27.5167,88.5333,62.69,35,0,7.27
172,Chatra,IN,2021-04-05 19:33:05,24.2167,84.8667,78.8,53,1,6.91
173,Dingle,PH,2021-04-05 19:33:05,10.9995,122.6711,74.53,90,100,6.08
174,Vila Franca Do Campo,PT,2021-04-05 19:33:06,37.7167,-25.4333,60.8,82,20,9.22
175,Nishihara,JP,2021-04-05 19:33:06,26.1842,127.7558,66.2,63,75,12.66
176,Lazaro Cardenas,MX,2021-04-05 19:33:06,17.9583,-102.2,83.8,55,100,10.54
177,Seoul,KR,2021-04-05 19:32:46,37.5683,126.9778,46.4,81,0,2.3
178,Te Anau,NZ,2021-04-05 19:33:07,-45.4167,167.7167,49.57,80,86,4.9
179,San Cristobal,VE,2021-04-05 19:33:07,7.7669,-72.225,86.0,66,40,11.5
180,Smithers,CA,2021-04-05 19:31:43,54.7804,-127.1743,41.0,56,75,3.44
181,Sitka,US,2021-04-05 19:33:08,57.0531,-135.33,37.4,93,90,5.75
182,Bac Lieu,VN,2021-04-05 19:33:08,9.285,105.7244,81.37,74,85,14.23
183,Cabo San Lucas,MX,2021-04-05 19:30:11,22.8909,-109.9124,89.01,39,1,13.8
184,Asfi,MA,2021-04-05 19:33:09,32.2994,-9.2372,61.99,86,100,17.29
185,Shubarkuduk,KZ,2021-04-05 19:33:09,49.1447,56.4872,38.88,80,100,13.35
186,Vostok,RU,2021-04-05 19:33:09,46.4856,135.8833,27.18,76,99,5.23
187,Tecoanapa,MX,2021-04-05 19:33:10,16.5167,-98.75,85.6,48,0,11.81
188,Kavieng,PG,2021-04-05 19:33:10,-2.5744,150.7967,81.54,76,98,6.31
189,Acurenam,GQ,2021-04-05 19:33:10,1.0322,10.6488,70.02,97,99,2.57
190,Cristobal Obregon,MX,2021-04-05 19:33:11,16.35,-93.5333,86.0,37,75,14.97
191,La Paz,BO,2021-04-05 19:32:06,-16.5,-68.15,51.8,66,75,9.22
192,Pemangkat,ID,2021-04-05 19:33:11,1.1667,108.9667,77.36,85,100,5.48
193,Kruisfontein,ZA,2021-04-05 19:33:11,-34.0033,24.7314,60.01,93,100,5.99
194,Rodopolis,GR,2021-04-05 19:33:12,41.2578,22.9983,53.01,57,98,1.01
195,Omsukchan,RU,2021-04-05 19:33:12,62.5333,155.8,-8.66,92,100,3.04
196,Yueyang,CN,2021-04-05 19:33:13,29.3333,113.0919,50.58,93,100,0.49
197,Goderich,CA,2021-04-05 19:33:13,43.7501,-81.7165,46.4,76,100,10.36
198,Terekli-Mekteb,RU,2021-04-05 19:33:14,44.1671,45.8698,54.54,56,97,2.62
199,Dutse,NG,2021-04-05 19:33:14,11.7594,9.3392,85.42,11,5,7.74
200,Tanabe,JP,2021-04-05 19:33:14,33.7333,135.3667,50.2,72,100,4.7
201,Biak,ID,2021-04-05 19:33:15,-0.9131,122.8766,77.5,79,100,1.81
202,Rawson,AR,2021-04-05 19:32:11,-43.3002,-65.1023,61.11,76,100,21.12
203,Kaitangata,NZ,2021-04-05 19:33:15,-46.2817,169.8464,48.99,72,23,3.0
204,Hithadhoo,MV,2021-04-05 19:33:16,-0.6,73.0833,83.71,72,100,15.73
205,Arraial Do Cabo,BR,2021-04-05 19:33:16,-22.9661,-42.0278,80.6,57,75,6.91
206,Iqaluit,CA,2021-04-05 19:33:16,63.7506,-68.5145,17.6,86,75,20.71
207,Victoria,HK,2021-04-05 19:31:02,22.2855,114.1577,73.0,84,100,9.48
208,Klaksvik,FO,2021-04-05 19:33:17,62.2266,-6.589,28.4,59,40,37.98
209,Avarua,CK,2021-04-05 19:33:17,-21.2078,-159.775,77.0,88,100,11.5
210,Grass Valley,US,2021-04-05 19:30:11,39.2191,-121.0611,59.0,62,3,7.47
211,Kinkala,CG,2021-04-05 19:33:18,-4.3614,14.7644,80.6,78,20,2.3
212,Kyra,RU,2021-04-05 19:33:18,49.5776,111.9753,27.5,67,100,3.89
213,Cidreira,BR,2021-04-05 19:33:18,-30.1811,-50.2056,74.39,75,56,14.58
214,Belaya Gora,RU,2021-04-05 19:33:19,68.5333,146.4167,-18.13,99,100,4.76
215,Salalah,OM,2021-04-05 19:33:19,17.0151,54.0924,80.6,89,0,4.61
216,Tura,IN,2021-04-05 19:33:19,25.5198,90.2201,72.39,17,0,3.62
217,Berlevag,NO,2021-04-05 19:33:20,70.8578,29.0864,35.6,87,90,21.85
218,Waverly,US,2021-04-05 19:33:20,42.7392,-84.6208,60.8,63,75,9.22
219,Conceicao Do Araguaia,BR,2021-04-05 19:33:20,-8.2578,-49.2647,89.6,62,0,5.75
220,San Jeronimo,PE,2021-04-05 19:33:21,-11.9472,-75.2829,59.04,65,68,6.17
221,Zharkovskiy,RU,2021-04-05 19:33:21,55.849,32.2697,38.91,63,18,12.82
222,Baiquan,CN,2021-04-05 19:33:21,47.5833,126.0833,35.46,41,13,7.83
223,La Primavera,CO,2021-04-05 19:33:22,5.4906,-70.4092,77.74,83,100,3.22
224,Starychi,UA,2021-04-05 19:33:22,49.98,23.5585,44.6,53,0,8.95
225,Miles City,US,2021-04-05 19:33:22,46.4083,-105.8406,53.6,37,1,14.97
226,Mitsamiouli,KM,2021-04-05 19:33:22,-11.3847,43.2844,82.8,71,100,3.4
227,San Patricio,US,2021-04-05 19:33:23,28.017,-97.5169,78.01,65,75,20.71
228,Geghamasar,AM,2021-04-05 19:33:23,40.3109,45.6792,38.98,67,100,6.29
229,Talnakh,RU,2021-04-05 19:33:23,69.4865,88.3972,22.96,95,100,9.31
230,Srednekolymsk,RU,2021-04-05 19:33:24,67.45,153.6833,-17.72,97,47,7.7
231,Astana,KZ,2021-04-05 19:33:24,51.1801,71.446,33.8,86,90,13.42
232,Dangriga,BZ,2021-04-05 19:33:24,16.9692,-88.2321,82.99,61,75,8.05
233,Cortez,US,2021-04-05 19:33:25,37.3489,-108.5859,71.6,12,1,14.97
234,Lima,PE,2021-04-05 19:32:39,-12.0432,-77.0282,77.0,65,0,11.5
235,Caravelas,BR,2021-04-05 19:33:25,-17.7125,-39.2481,78.13,74,84,7.49
236,Torbay,CA,2021-04-05 19:33:26,47.6666,-52.7314,42.01,100,90,11.5
237,Paris,FR,2021-04-05 19:33:00,48.8534,2.3488,39.99,60,75,13.8
238,Ahipara,NZ,2021-04-05 19:33:26,-35.1667,173.1667,64.76,80,100,5.59
239,Lulea,SE,2021-04-05 19:29:27,65.5842,22.1547,28.4,100,100,4.61
240,Saldanha,ZA,2021-04-05 19:33:27,-33.0117,17.9442,59.0,82,13,8.05
241,Carlagan,PH,2021-04-05 19:33:27,14.975,122.0456,78.51,81,50,17.49
242,Narsaq,GL,2021-04-05 19:33:27,60.9167,-46.05,41.0,70,75,3.44
243,Nelson Bay,AU,2021-04-05 19:33:28,-32.7167,152.15,64.0,100,98,4.76
244,Nieuwpoort,BE,2021-04-05 19:33:28,51.1244,2.7735,39.99,45,75,20.71
245,Ribeira Grande,PT,2021-04-05 19:33:28,38.5167,-28.7,62.6,82,75,17.27
246,Kudahuvadhoo,MV,2021-04-05 19:33:29,2.6708,72.8944,83.8,70,8,12.71
247,Muros,ES,2021-04-05 19:33:29,42.7762,-9.0603,60.01,64,0,14.0
248,Port Elizabeth,ZA,2021-04-05 19:33:29,-33.918,25.5701,60.8,94,90,6.91
249,Talcahuano,CL,2021-04-05 19:33:30,-36.7167,-73.1167,62.6,77,75,19.57
250,Sept-Iles,CA,2021-04-05 19:33:30,50.2001,-66.3821,44.6,100,90,5.75
251,Komsomolskiy,UZ,2021-04-05 19:33:31,40.4272,71.7189,48.2,66,87,6.91
252,Mar Del Plata,AR,2021-04-05 19:33:31,-38.0023,-57.5575,73.4,88,20,14.97
253,Meadow Lake,US,2021-04-05 19:33:31,34.8014,-106.5436,82.0,11,75,11.5
254,Aswan,EG,2021-04-05 19:33:32,24.0934,32.907,77.23,12,0,9.06
255,Aksarka,RU,2021-04-05 19:33:32,66.5606,67.7975,27.97,95,100,7.63
256,Arlit,NE,2021-04-05 19:33:32,18.7369,7.3853,84.58,5,4,7.36
257,Svetlyy,RU,2021-04-05 19:33:33,54.675,20.1347,30.2,100,40,8.95
258,High Level,CA,2021-04-05 19:33:33,58.5169,-117.136,37.4,65,75,10.36
259,Pochutla,MX,2021-04-05 19:33:33,15.7432,-96.4661,91.0,51,20,11.5
260,Constitucion,CL,2021-04-05 19:33:34,-35.3333,-72.4167,61.63,80,100,10.54
261,Humberto De Campos,BR,2021-04-05 19:33:34,-2.5983,-43.4611,81.37,74,100,6.42
262,Corsicana,US,2021-04-05 19:29:28,32.0954,-96.4689,73.99,53,20,13.8
263,Isangel,VU,2021-04-05 19:33:35,-19.55,169.2667,76.3,66,34,12.46
264,Swift Current,CA,2021-04-05 19:33:35,50.2834,-107.8014,46.4,34,1,16.11
265,Chicama,PE,2021-04-05 19:33:35,-7.8447,-79.1469,73.4,83,75,9.22
266,Havre-Saint-Pierre,CA,2021-04-05 19:33:35,50.2334,-63.5986,44.6,93,90,9.22
267,Lewisporte,CA,2021-04-05 19:33:36,49.2499,-55.0482,41.0,100,90,10.36
268,Hofn,IS,2021-04-05 19:33:36,64.2539,-15.2082,21.2,45,20,29.93
269,Yeppoon,AU,2021-04-05 19:33:36,-23.1333,150.7333,71.6,94,90,5.75
270,Cordun,RO,2021-04-05 19:33:37,46.95,26.8667,43.0,100,0,10.0
271,Nosy Varika,MG,2021-04-05 19:33:37,-20.5833,48.5333,76.41,86,5,1.61
272,Flinders,AU,2021-04-05 19:33:37,-34.5833,150.8552,64.99,90,63,1.01
273,Labuhan,ID,2021-04-05 19:33:38,-6.8844,112.2051,78.06,87,100,7.85
274,Puerto Escondido,MX,2021-04-05 19:32:47,15.85,-97.0667,87.8,70,1,8.05
275,Kamenka,RU,2021-04-05 19:33:39,51.3223,42.7678,36.0,85,99,6.17
276,Birjand,IR,2021-04-05 19:33:39,32.8663,59.2211,53.6,14,0,3.42
277,Laiyang,CN,2021-04-05 19:33:39,36.9758,120.7136,53.01,52,100,0.63
278,Sur,OM,2021-04-05 19:33:40,22.5667,59.5289,81.19,55,3,3.33
279,Amberley,US,2021-04-05 19:33:40,39.2048,-84.428,75.99,31,1,14.97
280,Marsa Matruh,EG,2021-04-05 19:33:40,31.3525,27.2453,66.2,55,0,9.22
281,Tiarei,PF,2021-04-05 19:33:41,-17.5333,-149.3333,84.2,70,20,4.61
282,Carnarvon,AU,2021-04-05 19:33:41,-24.8667,113.6333,75.2,83,89,12.66
283,Iquique,CL,2021-04-05 19:31:09,-20.2208,-70.1431,73.4,64,0,23.02
284,Santa Cruz,BO,2021-04-05 19:33:41,-17.8,-63.1667,82.4,69,75,12.66
285,Saint Pete Beach,US,2021-04-05 19:33:42,27.7253,-82.7412,77.0,41,1,8.05
286,Cameron Park,US,2021-04-05 19:33:42,38.6688,-120.9872,57.99,72,5,1.99
287,Bereda,ES,2021-04-05 19:33:43,43.2686,-7.5406,48.0,92,1,7.0
288,Necochea,AR,2021-04-05 19:33:43,-38.5473,-58.7368,79.0,55,0,4.0
289,Pangnirtung,CA,2021-04-05 19:33:43,66.1451,-65.7125,15.8,79,90,13.8
290,Magugu,TZ,2021-04-05 19:33:44,-4.0167,35.7667,72.52,70,100,3.22
291,Majene,ID,2021-04-05 19:33:44,-3.5403,118.9707,79.41,79,100,8.08
292,Mount Gambier,AU,2021-04-05 19:31:47,-37.8333,140.7667,55.4,76,34,9.22
293,The Valley,AI,2021-04-05 19:33:44,18.217,-63.0578,86.0,69,20,10.36
294,Morros,BR,2021-04-05 19:33:45,-9.4467,-46.3003,83.26,57,66,1.79
295,La Asuncion,VE,2021-04-05 19:33:45,11.0333,-63.8628,75.2,88,78,19.57
296,Najran,SA,2021-04-05 19:33:45,17.4924,44.1277,71.6,26,3,9.22
297,Miramar,US,2021-04-05 19:33:46,25.9873,-80.2323,77.0,44,40,14.97
298,Polignano A Mare,IT,2021-04-05 19:33:46,40.9959,17.2159,50.0,53,0,3.44
299,Saint Anthony,US,2021-04-05 19:33:46,45.0205,-93.218,82.99,26,1,17.27
300,Saint George,US,2021-04-05 19:33:47,37.1041,-113.5841,82.0,11,1,3.44
301,Half Moon Bay,US,2021-04-05 19:33:47,37.4636,-122.4286,60.01,82,90,8.05
302,Oranjemund,NA,2021-04-05 19:33:47,-28.55,16.4333,61.07,92,83,17.54
303,Port Macquarie,AU,2021-04-05 19:33:48,-31.4333,152.9167,66.99,99,100,3.51
304,Kirakira,SB,2021-04-05 19:33:48,-10.4544,161.9205,80.35,83,88,3.83
305,Ormara,PK,2021-04-05 19:33:48,25.2088,64.6357,79.23,84,7,9.75
306,Bethel,US,2021-04-05 19:33:49,41.3712,-73.414,64.4,19,1,18.41
307,Mackay,AU,2021-04-05 19:33:49,-21.15,149.2,73.4,94,75,2.3
308,Plettenberg Bay,ZA,2021-04-05 19:33:50,-34.0527,23.3716,61.12,93,100,13.51
309,Sabang,ID,2021-04-05 19:33:50,5.8933,95.3214,81.39,77,93,8.48
310,Paka,MY,2021-04-05 19:33:50,4.6374,103.4368,78.8,94,100,1.14
311,Lakes Entrance,AU,2021-04-05 19:33:51,-37.8811,147.981,57.99,89,98,2.13
312,Melfi,IT,2021-04-05 19:33:51,40.9965,15.6514,42.8,65,0,12.66
313,Alice Springs,AU,2021-04-05 19:33:51,-23.7,133.8833,59.0,77,2,5.75
314,Bacolod,PH,2021-04-05 19:33:52,10.6667,122.95,77.0,83,100,8.59
315,Saint-Philippe,RE,2021-04-05 19:33:52,-21.3585,55.7679,78.8,73,0,6.91
316,Harper,LR,2021-04-05 19:33:52,4.375,-7.7169,80.47,86,100,6.35
317,Bengkulu,ID,2021-04-05 19:33:53,-3.8004,102.2655,74.48,91,100,4.25
318,Oktyabrskoye,RU,2021-04-05 19:33:53,43.0645,44.7417,53.01,50,47,4.47
319,Lata,PT,2021-04-05 19:33:53,40.1629,-8.3327,62.6,59,0,4.61
320,Lampang,TH,2021-04-05 19:33:54,18.3333,99.5,77.0,94,99,3.24
321,Nikolskoye,RU,2021-04-05 19:33:54,59.7035,30.7861,45.0,81,90,11.18
322,Aklavik,CA,2021-04-05 19:33:54,68.2191,-135.0107,-2.2,65,90,19.57
323,Tsumeb,NA,2021-04-05 19:33:55,-19.2333,17.7167,66.2,72,48,6.91
324,Port Hardy,CA,2021-04-05 19:33:55,50.6996,-127.4199,46.4,66,75,14.97
325,Berezovyy,RU,2021-04-05 19:33:55,51.6667,135.7,28.45,96,100,7.67
326,Pangoa,PE,2021-04-05 19:33:56,-12.1167,-73.0,77.36,84,64,2.93
327,Clinton,US,2021-04-05 19:33:56,42.587,-82.9199,55.0,93,75,11.5
328,Stanger,ZA,2021-04-05 19:33:56,-29.3282,31.2895,69.8,88,40,3.44
329,Marawi,PH,2021-04-05 19:33:57,7.9986,124.2928,75.0,88,100,4.0
330,Toora-Khem,RU,2021-04-05 19:33:57,52.4675,96.11,25.11,95,97,1.72
331,Sembakung,ID,2021-04-05 19:33:57,3.8167,117.25,73.26,99,100,1.9
332,Taman,RU,2021-04-05 19:33:58,45.2117,36.7161,41.0,87,86,6.71
333,Vardo,NO,2021-04-05 19:33:58,70.3705,31.1107,35.6,93,75,17.27
334,West Plains,US,2021-04-05 19:33:58,36.7281,-91.8524,73.4,40,90,13.8
335,Charters Towers,AU,2021-04-05 19:33:59,-20.1,146.2667,67.59,92,36,7.09
336,Petropavlovsk-Kamchatskiy,RU,2021-04-05 19:33:59,53.0452,158.6483,21.2,86,67,8.95
337,Bria,CF,2021-04-05 19:33:59,6.5423,21.9863,78.37,20,65,3.06
338,Cockburn Town,TC,2021-04-05 19:34:00,21.4612,-71.1419,77.0,57,40,13.8
339,Inhambane,MZ,2021-04-05 19:34:00,-23.865,35.3833,75.2,60,20,4.61
340,Aksu,CN,2021-04-05 19:34:01,41.1231,80.2644,51.12,33,100,4.9
341,Miraflores,MX,2021-04-05 19:34:02,19.2167,-98.8083,75.2,14,40,4.61
342,Garissa,KE,2021-04-05 19:34:03,-0.4536,39.6401,82.54,68,99,9.71
343,Sigiriya,LK,2021-04-05 19:34:03,7.9518,80.7426,72.63,95,4,4.03
344,Almaznyy,RU,2021-04-05 19:34:03,48.0448,40.045,35.6,93,75,15.66
345,Antalaha,MG,2021-04-05 19:34:04,-14.9003,50.2788,76.91,90,100,2.35
346,Vila Velha,BR,2021-04-05 19:33:00,-20.3297,-40.2925,80.6,69,40,9.22
347,Imst,AT,2021-04-05 19:34:04,47.2684,10.6698,39.99,92,100,8.01
348,Warrnambool,AU,2021-04-05 19:34:04,-38.3833,142.4833,57.99,82,99,7.14
349,Kedrovyy,RU,2021-04-05 19:34:05,56.1667,91.8167,28.4,100,0,2.24
350,Xuddur,SO,2021-04-05 19:34:05,4.1213,43.8894,81.91,57,90,17.25
351,Puerto Carreno,CO,2021-04-05 19:34:05,6.189,-67.4859,85.62,62,100,8.12
352,Tiznit,MA,2021-04-05 19:34:06,29.5833,-9.5,58.57,77,47,5.91
353,Valparaiso,CL,2021-04-05 19:34:06,-33.0393,-71.6273,68.0,67,20,6.91
354,Wolfeboro,US,2021-04-05 19:34:07,43.584,-71.2073,50.0,40,90,12.66
355,Keflavik,IS,2021-04-05 19:34:07,64.0049,-22.5624,24.8,100,90,12.66
356,Sistranda,NO,2021-04-05 19:34:07,63.7256,8.834,35.6,87,75,32.21
357,Zhangye,CN,2021-04-05 19:34:08,38.9342,100.4517,43.41,68,25,4.34
358,Mbini,GQ,2021-04-05 19:34:08,1.574,9.6134,73.4,100,40,3.98
359,Gilbert,US,2021-04-05 19:32:23,33.3528,-111.789,91.0,10,1,5.75
360,Sao Filipe,CV,2021-04-05 19:34:09,14.8961,-24.4956,76.66,60,7,9.06
361,Whitehorse,CA,2021-04-05 19:34:09,60.7161,-135.0538,28.0,86,90,11.5
362,Hilo,US,2021-04-05 19:34:09,19.7297,-155.09,75.2,73,90,12.66
363,Wewak,PG,2021-04-05 19:34:10,-3.5534,143.6268,77.22,91,100,7.72
364,Jinchang,CN,2021-04-05 19:34:10,38.4953,102.1739,43.79,62,53,3.36
365,Aykhal,RU,2021-04-05 19:34:10,66.0,111.5,-14.6,99,96,6.76
366,Angoche,MZ,2021-04-05 19:34:11,-16.2325,39.9086,76.96,69,23,10.22
367,Lebu,CL,2021-04-05 19:34:11,-37.6167,-73.65,61.41,71,100,18.3
368,Fernan-Nunez,ES,2021-04-05 19:34:11,37.6884,-4.7247,68.0,52,0,4.61
369,Polovinnoye,RU,2021-04-05 19:34:12,54.7914,65.9864,30.24,86,8,16.13
370,Maryville,US,2021-04-05 19:30:16,35.7565,-83.9705,75.99,25,20,8.05
371,Novobureyskiy,RU,2021-04-05 19:34:12,49.798,129.8774,29.14,91,35,6.11
372,Sparbu,NO,2021-04-05 19:34:12,63.9194,11.4366,37.0,80,75,33.38
373,Potsdam,DE,2021-04-05 19:34:13,52.3989,13.0657,35.01,76,100,3.0
374,Dawson Creek,CA,2021-04-05 19:30:03,55.7666,-120.2362,46.4,36,20,25.32
375,Port-Gentil,GA,2021-04-05 19:34:13,-0.7193,8.7815,82.4,83,40,8.05
376,Nalut,LY,2021-04-05 19:34:14,30.3333,10.85,65.14,51,0,20.15
377,Guadalupe,MX,2021-04-05 19:34:14,25.6833,-100.25,77.0,47,75,9.22
378,Rio Claro,BR,2021-04-05 19:34:14,-22.4114,-47.5614,84.2,45,40,8.05
379,Fairbanks,US,2021-04-05 19:34:15,64.8378,-147.7164,8.01,66,75,13.8
380,Mehamn,NO,2021-04-05 19:34:15,71.0357,27.8492,37.4,87,90,21.85
381,Lasa,IT,2021-04-05 19:34:15,46.6166,10.7002,53.6,81,20,4.61
382,Balagunan,PH,2021-04-05 19:34:16,7.4922,125.5211,78.8,83,20,4.61
383,Amahai,ID,2021-04-05 19:34:16,-3.3333,128.9167,77.49,84,59,4.7
384,Bonfim,BR,2021-04-05 19:34:17,3.0833,-59.95,91.4,58,40,13.8
385,Merrill,US,2021-04-05 19:32:08,45.1805,-89.6835,78.8,34,1,8.05
386,San Quintin,MX,2021-04-05 19:34:17,30.4833,-115.95,67.32,64,99,21.59
387,La Grande,US,2021-04-05 19:34:17,45.3246,-118.0877,46.0,41,90,11.01
388,Tiksi,RU,2021-04-05 19:34:18,71.6872,128.8694,-18.54,99,38,4.21
389,Chibombo,ZM,2021-04-05 19:34:18,-14.6569,28.0706,61.74,84,2,4.72
390,Dimona,IL,2021-04-05 19:34:18,31.0667,35.0333,69.93,19,0,10.58
391,Buala,SB,2021-04-05 19:34:19,-8.145,159.5921,80.46,81,95,3.94
392,Belaya Kholunitsa,RU,2021-04-05 19:34:19,58.84,50.8528,32.61,95,97,6.44
393,Koungou,YT,2021-04-05 19:34:20,-12.7336,45.2042,82.4,78,0,11.5
394,Witu,KE,2021-04-05 19:34:20,-2.3889,40.4382,82.4,83,1,8.55
395,Koutsouras,GR,2021-04-05 19:34:20,35.0339,25.9469,64.0,58,100,2.04
396,Margate,GB,2021-04-05 19:30:24,51.3813,1.3862,39.99,33,5,5.01
397,Basco,PH,2021-04-05 19:34:21,20.4487,121.9702,74.01,70,100,19.82
398,Kununurra,AU,2021-04-05 19:34:21,-15.7667,128.7333,71.6,100,7,2.3
399,Weihe,CN,2021-04-05 19:34:22,32.9952,105.3247,46.6,95,100,1.66
400,Van Buren,US,2021-04-05 19:34:22,35.4368,-94.3483,75.2,50,20,6.91
401,Chardara,KZ,2021-04-05 19:34:22,41.2547,67.9692,49.6,62,0,10.33
402,Marsh Harbour,BS,2021-04-05 19:34:22,26.5412,-77.0636,68.54,54,0,11.41
403,Shintomi,JP,2021-04-05 19:34:23,32.0785,131.4723,50.2,66,11,6.64
404,Zuenoula,CI,2021-04-05 19:34:23,7.4292,-6.0431,78.98,76,99,4.45
405,Mandan,US,2021-04-05 19:34:23,46.8267,-100.8896,68.0,36,1,23.02
406,Taltal,CL,2021-04-05 19:30:21,-25.4,-70.4833,71.1,71,25,7.58
407,Leshukonskoye,RU,2021-04-05 19:34:24,64.8989,45.7622,36.12,91,100,10.11
408,Coquimbo,CL,2021-04-05 19:31:09,-29.9533,-71.3436,69.8,52,0,13.8
409,Carlisle,US,2021-04-05 19:34:24,40.2015,-77.1889,70.0,15,56,5.99
410,Marshall,US,2021-04-05 19:34:25,34.3834,-86.3333,73.99,27,1,3.44
411,Ziro,IN,2021-04-05 19:34:25,27.6333,93.8333,48.07,59,0,2.84
412,Goure,NE,2021-04-05 19:34:25,13.9835,10.2704,89.01,7,3,3.0
413,Kirkwall,GB,2021-04-05 19:34:26,58.9848,-2.9587,32.0,80,75,33.38
414,Matara,LK,2021-04-05 19:34:26,5.9485,80.5353,76.37,90,67,4.5
415,Ust-Kuyga,RU,2021-04-05 19:34:26,70.0167,135.6,-23.64,99,100,1.05
416,Atambua,ID,2021-04-05 19:34:27,-9.1061,124.8925,72.21,87,97,4.18
417,Derzhavinsk,KZ,2021-04-05 19:34:27,51.1,66.3167,25.07,94,64,8.59
418,Qui Nhon,VN,2021-04-05 19:34:27,13.7667,109.2333,74.16,87,100,6.46
419,Manitowoc,US,2021-04-05 19:34:28,44.0667,-87.8001,72.0,55,1,12.66
420,Opuwo,NA,2021-04-05 19:34:28,-18.0607,13.84,73.71,40,71,6.85
421,Rochegda,RU,2021-04-05 19:34:28,62.8,43.25,37.29,87,100,9.75
422,Pisco,PE,2021-04-05 19:34:29,-13.7,-76.2167,78.8,57,0,18.41
423,Alofi,NU,2021-04-05 19:34:29,-19.0595,-169.9187,78.8,83,93,8.05
424,Waynesville,US,2021-04-05 19:34:29,35.4887,-82.9887,70.0,14,12,5.01
425,Sabha,LY,2021-04-05 19:34:30,27.0377,14.4283,83.32,7,94,12.77
426,La Palma,US,2021-04-05 19:32:30,33.8464,-118.0467,71.6,68,40,10.36
427,Kosovska Mitrovica,XK,2021-04-05 19:34:30,42.8833,20.8667,41.0,65,0,3.44
428,Tarakan,ID,2021-04-05 19:34:31,3.3,117.6333,77.68,84,100,6.4
429,Nsoko,SZ,2021-04-05 19:34:31,-27.0333,31.95,63.88,94,0,1.21
430,Shache,CN,2021-04-05 19:34:31,38.4167,77.2406,46.99,68,100,3.58
431,Champerico,GT,2021-04-05 19:34:32,14.3,-91.9167,91.4,62,75,6.91
432,Poole,GB,2021-04-05 19:34:32,50.7167,-2.0,39.99,35,0,10.36
433,Trincomalee,LK,2021-04-05 19:34:32,8.5711,81.2335,82.65,75,76,8.12
434,Zyryanka,RU,2021-04-05 19:34:33,65.75,150.85,-5.3,95,100,11.99
435,Meiganga,CM,2021-04-05 19:34:33,6.5167,14.3,80.51,28,98,3.65
436,Namwala,ZM,2021-04-05 19:34:33,-15.7504,26.4384,64.2,74,0,5.1
437,Havelock,US,2021-04-05 19:34:34,34.8791,-76.9013,73.4,28,1,2.04
438,Leh,IN,2021-04-05 19:34:34,34.1667,77.5833,34.09,62,100,4.52
439,Pascagoula,US,2021-04-05 19:34:34,30.3658,-88.5561,75.99,35,1,12.66
440,Urengoy,RU,2021-04-05 19:34:35,65.9667,78.3667,32.2,94,100,6.71
441,Reshetylivka,UA,2021-04-05 19:34:35,49.565,34.0782,41.2,68,15,6.64
442,Waipawa,NZ,2021-04-05 19:34:35,-41.4122,175.5153,61.0,94,90,4.61
443,Acapulco,MX,2021-04-05 19:32:52,16.8634,-99.8901,87.8,58,1,6.91
444,Tigzirt,DZ,2021-04-05 19:34:36,36.8886,4.1198,55.13,77,0,2.68
445,Khilok,RU,2021-04-05 19:34:36,51.3674,110.4676,19.94,89,54,2.82
446,Katsuura,JP,2021-04-05 19:34:37,35.1333,140.3,48.0,72,4,3.0
447,Strezhevoy,RU,2021-04-05 19:34:37,60.7333,77.5889,41.0,48,0,8.95
448,Ahuimanu,US,2021-04-05 19:34:37,21.4447,-157.8378,77.0,57,20,19.57
449,Kobryn,BY,2021-04-05 19:34:38,52.2138,24.3564,44.56,84,100,15.03
450,Vigia,BR,2021-04-05 19:34:38,-0.8583,-48.1417,89.6,58,20,13.8
451,Kloulklubed,PW,2021-04-05 19:34:38,7.0419,134.2556,75.2,94,75,6.15
452,Bakel,SN,2021-04-05 19:34:39,14.905,-12.4568,96.4,7,1,5.08
453,Mehran,IR,2021-04-05 19:34:39,33.1222,46.1646,50.0,50,40,4.61
454,Surt,LY,2021-04-05 19:34:39,31.2089,16.5887,65.17,80,51,23.17
455,Verkhnyaya Inta,RU,2021-04-05 19:34:40,65.9811,60.3094,13.42,94,12,4.88
456,Shimoda,JP,2021-04-05 19:34:40,34.6667,138.95,48.99,81,58,3.0
457,San Sebastian Coatan,GT,2021-04-05 19:34:40,15.7371,-91.5658,71.6,46,75,6.91
458,Bautzen,DE,2021-04-05 19:34:41,51.1833,14.4333,32.0,87,55,5.01
459,Yen Bai,VN,2021-04-05 19:34:41,21.7,104.8667,71.51,97,100,2.28
460,Kirkland Lake,CA,2021-04-05 19:34:41,48.1446,-80.0377,48.2,31,100,5.73
461,Hojai,IN,2021-04-05 19:34:42,26.0,92.8667,71.15,27,0,3.4
462,Mmathubudukwane,BW,2021-04-05 19:34:42,-24.6,26.4333,71.6,49,0,3.44
463,Ancud,CL,2021-04-05 19:34:42,-41.8697,-73.8203,64.0,67,90,12.66
464,Qasigiannguit,GL,2021-04-05 19:34:43,68.8193,-51.1922,19.4,79,75,8.05
465,Djambala,CG,2021-04-05 19:34:43,-2.5447,14.7533,73.67,82,100,2.82
466,Vanavara,RU,2021-04-05 19:34:43,60.34,102.2797,28.78,98,100,1.45
467,Tambacounda,SN,2021-04-05 19:34:44,13.7539,-13.7586,107.6,33,0,6.91
468,Zhezkazgan,KZ,2021-04-05 19:34:44,47.8043,67.7144,40.93,90,97,2.24
469,Havoysund,NO,2021-04-05 19:34:44,70.9963,24.6622,37.4,87,75,28.77
470,Alugan,PH,2021-04-05 19:34:45,12.2188,125.4808,78.22,83,96,9.89
471,Batemans Bay,AU,2021-04-05 19:32:37,-35.7167,150.1833,64.0,97,98,1.01
472,Honiara,SB,2021-04-05 19:34:45,-9.4333,159.95,78.89,87,36,1.32
473,Eyl,SO,2021-04-05 19:34:46,7.9803,49.8164,79.32,67,11,12.8
474,Phan Thiet,VN,2021-04-05 19:34:46,10.9333,108.1,75.31,77,96,6.76
475,Bonham,US,2021-04-05 19:34:46,33.5773,-96.1783,73.99,53,40,19.57
476,Panguna,PG,2021-04-05 19:34:47,-6.3164,155.4848,67.87,93,33,1.41
477,Bend,US,2021-04-05 19:34:47,44.0582,-121.3153,45.0,29,1,8.05
478,Suntar,RU,2021-04-05 19:34:47,62.1444,117.6319,-12.86,99,54,2.57
479,Souillac,MU,2021-04-05 19:34:48,-20.5167,57.5167,78.8,83,40,9.22
480,Maunatlala,BW,2021-04-05 19:34:48,-22.597,27.6301,75.2,69,0,4.61
481,Nyimba,ZM,2021-04-05 19:34:48,-14.5566,30.8149,65.26,83,2,5.19
482,Nova Olinda Do Norte,BR,2021-04-05 19:34:49,-3.8881,-59.0942,83.12,80,86,1.97
483,Santa Paula,US,2021-04-05 19:34:49,34.3542,-119.0593,73.99,63,1,10.36
484,Saurimo,AO,2021-04-05 19:34:49,-9.6608,20.3916,65.19,96,94,3.27
485,Betare Oya,CM,2021-04-05 19:34:50,5.6,14.0833,81.39,46,89,3.74
486,Hassan,IN,2021-04-05 19:34:50,13.0006,76.0994,75.34,61,77,1.07
487,Takoradi,GH,2021-04-05 19:34:50,4.8845,-1.7554,80.6,83,27,4.81
488,Silver City,US,2021-04-05 19:34:51,32.7701,-108.2803,80.6,7,1,16.11
489,Kamuli,UG,2021-04-05 19:34:51,0.9472,33.1197,67.21,94,100,1.86
490,Ulladulla,AU,2021-04-05 19:34:51,-35.35,150.4667,66.0,100,40,4.61
491,Conakry,GN,2021-04-05 19:34:52,9.538,-13.6773,82.4,74,5,6.91
492,Taoudenni,ML,2021-04-05 19:34:52,22.6783,-3.9836,86.18,5,0,8.75
493,Gizo,SB,2021-04-05 19:34:52,-8.103,156.8419,82.9,74,34,3.78
494,Thinadhoo,MV,2021-04-05 19:34:53,0.5333,72.9333,83.62,71,55,14.36
495,Biloela,AU,2021-04-05 19:34:53,-24.4167,150.5,69.37,91,99,8.61
496,Manzanillo,CU,2021-04-05 19:34:53,20.3433,-77.1167,81.19,49,75,18.45
497,Weligama,LK,2021-04-05 19:34:54,5.9667,80.4167,76.89,89,66,3.91
498,Touros,BR,2021-04-05 19:30:18,-5.1989,-35.4608,84.2,61,20,10.36
499,Inuvik,CA,2021-04-05 19:34:55,68.3499,-133.7218,-2.2,71,100,13.8
500,Teguise,ES,2021-04-05 19:34:55,29.0605,-13.564,66.2,63,40,12.66
501,Mantua,IT,2021-04-05 19:34:55,45.1667,10.7833,55.4,44,40,4.61
502,Rongcheng,CN,2021-04-05 19:34:56,30.634,117.8517,53.62,76,100,0.94
503,Banda Aceh,ID,2021-04-05 19:34:56,5.5577,95.3222,79.16,83,90,6.38
504,Meulaboh,ID,2021-04-05 19:34:56,4.1363,96.1285,77.77,87,100,3.06
505,Ostrovnoy,RU,2021-04-05 19:34:57,68.0531,39.5131,34.74,87,100,24.2
506,Ulaanbaatar,MN,2021-04-05 19:30:12,47.9077,106.8832,19.4,79,0,6.71
507,Carmelo,UY,2021-04-05 19:34:57,-33.9892,-58.2856,81.0,65,0,6.91
508,Thanh Hoa,VN,2021-04-05 19:34:58,19.8,105.7667,71.38,92,84,1.77
509,Ambon,ID,2021-04-05 19:34:58,-3.6954,128.1814,81.23,78,85,7.36
510,Severnyy,RU,2021-04-05 19:34:58,50.677,36.5532,39.2,81,0,4.47
511,Rio Gallegos,AR,2021-04-05 19:34:59,-51.6226,-69.2181,51.8,40,0,10.36
512,Brigantine,US,2021-04-05 19:34:59,39.4101,-74.3646,69.01,21,1,19.57
513,Penzberg,DE,2021-04-05 19:34:59,47.75,11.3833,32.0,90,100,6.46
514,Bauchi,NG,2021-04-05 19:35:00,10.5,10.0,83.23,15,51,3.85
515,Evensk,RU,2021-04-05 19:35:00,61.95,159.2333,5.54,67,99,11.45
516,Sayyan,YE,2021-04-05 19:35:00,15.1718,44.3244,59.27,21,0,11.39
517,Faya,SA,2021-04-05 19:35:01,18.3851,42.4509,68.0,52,15,4.41
518,Matagami,CA,2021-04-05 19:32:33,49.7502,-77.6328,46.4,31,1,8.05
519,College,US,2021-04-05 19:33:15,64.8569,-147.8028,8.01,61,75,16.11
520,Mount Pleasant,US,2021-04-05 19:35:01,32.7941,-79.8626,77.0,29,1,13.8
521,Zwedru,LR,2021-04-05 19:35:02,6.0667,-8.1281,75.67,91,100,2.93
522,Yar-Sale,RU,2021-04-05 19:35:03,66.8333,70.8333,32.36,98,100,5.53
523,Coahuayana,MX,2021-04-05 19:35:03,18.7333,-103.6833,78.8,61,40,9.22
524,Dalvik,IS,2021-04-05 19:35:03,65.9702,-18.5286,21.2,58,20,3.44
525,Beihai,CN,2021-04-05 19:35:04,21.4833,109.1,73.74,86,100,9.89
526,Jabinyanah,TN,2021-04-05 19:35:04,35.035,10.9081,59.0,88,75,5.75
527,Nangomba,TZ,2021-04-05 19:35:05,-10.9,38.5,71.2,96,16,3.69
528,Altus,US,2021-04-05 19:35:05,34.6381,-99.334,80.6,39,40,20.71
529,Purgstall,AT,2021-04-05 19:35:05,48.0584,15.1348,36.0,71,100,5.01
530,Nantucket,US,2021-04-05 19:30:13,41.2835,-70.0995,50.0,53,40,11.5
531,Urumqi,CN,2021-04-05 19:30:10,43.801,87.6005,50.0,43,0,8.95
532,Camabatela,AO,2021-04-05 19:35:06,-8.1881,15.375,63.41,96,67,3.71
533,Shetpe,KZ,2021-04-05 19:35:06,44.1667,52.1167,56.89,38,3,25.75
534,Lac Du Bonnet,CA,2021-04-05 19:35:08,50.2536,-96.0612,48.76,77,100,8.86
535,Ankpa,NG,2021-04-05 19:35:08,7.3706,7.6253,85.68,35,51,4.52
536,Palmer,US,2021-04-05 19:35:08,42.1584,-72.3287,62.6,17,20,21.85
537,Haines Junction,CA,2021-04-05 19:35:09,60.7522,-137.5108,26.6,74,100,6.91
538,Bud,US,2021-04-05 19:35:09,39.447,-86.1758,75.99,31,1,8.05
539,Pontianak,ID,2021-04-05 19:35:09,-0.0333,109.3333,77.0,94,90,3.6
540,Chihuahua,MX,2021-04-05 19:35:10,28.5,-106.0,84.2,18,20,4.61
541,Gayny,RU,2021-04-05 19:35:10,60.3071,54.3241,26.04,95,61,5.1
542,Puerto Del Rosario,ES,2021-04-05 19:35:11,28.5004,-13.8627,68.0,56,75,16.11
543,Makinsk,KZ,2021-04-05 19:35:11,52.6292,70.4169,31.14,84,88,15.59
544,Tshane,BW,2021-04-05 19:35:11,-24.0196,21.8684,78.31,27,3,3.13
545,Great Falls,US,2021-04-05 19:35:12,47.5002,-111.3008,39.0,87,90,5.82
546,Fethiye,TR,2021-04-05 19:35:12,36.6217,29.1164,60.8,82,75,3.44
547,Denton,US,2021-04-05 19:34:21,33.2001,-97.1336,78.01,46,20,19.57
548,Sao Jose Da Coroa Grande,BR,2021-04-05 19:35:12,-8.8978,-35.1478,80.42,69,65,8.72
549,Manggar,ID,2021-04-05 19:35:13,-2.8833,108.2667,80.17,82,100,8.63
550,Ribe,DK,2021-04-05 19:35:13,55.3305,8.7697,37.0,75,20,16.11
551,Tezu,IN,2021-04-05 19:35:13,27.9167,96.1667,70.83,23,1,5.17
552,Kalemie,CD,2021-04-05 19:35:14,-5.9475,29.1947,72.99,84,92,7.16
553,Moratuwa,LK,2021-04-05 19:33:43,6.773,79.8816,80.6,89,50,3.44
554,Salisbury,GB,2021-04-05 19:35:14,51.0693,-1.7957,41.0,38,7,14.97
555,Ballina,AU,2021-04-05 19:35:15,-28.8667,153.5667,69.8,83,90,16.11
556,Grindavik,IS,2021-04-05 19:35:15,63.8424,-22.4338,24.8,100,90,12.66
557,Iralaya,HN,2021-04-05 19:35:15,15.0,-83.2333,80.6,89,75,13.76
558,Teya,RU,2021-04-05 19:35:16,60.3778,92.6267,23.54,97,100,3.56
559,Itarema,BR,2021-04-05 19:35:16,-2.9248,-39.9167,81.45,80,48,14.88
560,Beyneu,KZ,2021-04-05 19:35:16,45.3167,55.2,59.85,36,39,20.56
561,Port Moresby,PG,2021-04-05 19:35:17,-9.4431,147.1797,75.2,94,75,9.22
562,Richards Bay,ZA,2021-04-05 19:35:17,-28.783,32.0377,67.17,84,3,3.8
563,Westport,US,2021-04-05 19:30:56,41.1415,-73.3579,64.4,19,1,18.41
564,Moussoro,TD,2021-04-05 19:35:17,13.6408,16.4901,89.06,10,10,11.18
565,Werda,BW,2021-04-05 19:35:18,-25.2667,23.2833,79.36,32,47,6.31
566,Isiro,CD,2021-04-05 19:35:18,2.7739,27.616,68.83,81,71,3.98
567,Bara,NG,2021-04-05 19:35:18,10.3744,10.7288,87.1,14,20,5.06
568,Honningsvag,NO,2021-04-05 19:35:19,70.9821,25.9704,37.4,87,75,28.77
569,Davidson,US,2021-04-05 19:35:19,36.1501,-86.7833,77.0,25,1,11.5
570,Salinopolis,BR,2021-04-05 19:35:19,-0.6136,-47.3561,81.88,80,97,11.7
571,Anadyr,RU,2021-04-05 19:35:20,64.75,177.4833,-5.01,71,0,6.71
572,Sibolga,ID,2021-04-05 19:35:20,1.7427,98.7792,76.55,87,100,2.77
573,Svetlogorsk,BY,2021-04-05 19:35:20,52.6333,29.7333,39.76,61,36,13.15
574,Dickinson,US,2021-04-05 19:35:21,29.4608,-95.0513,77.0,57,75,17.27
575,Okhotsk,RU,2021-04-05 19:35:21,59.3833,143.3,11.52,95,95,5.48
576,Kualakapuas,ID,2021-04-05 19:35:21,-3.0091,114.3876,74.35,97,100,2.24
577,Vao,NC,2021-04-05 19:35:22,-22.6667,167.4833,75.88,67,90,20.76
578,Governador Valadares,BR,2021-04-05 19:35:22,-18.8511,-41.9494,78.58,70,49,4.27
579,Dunedin,NZ,2021-04-05 19:35:22,-45.8742,170.5036,54.0,69,8,4.0
580,Airai,TL,2021-04-05 19:35:23,-8.9266,125.4092,58.39,86,98,3.42
581,Krasnoselkup,RU,2021-04-05 19:35:23,65.7,82.4667,25.74,93,100,7.99
582,Simdega,IN,2021-04-05 19:35:23,22.6167,84.5167,74.01,11,17,2.57
